{
  "train_size": 21329,
  "val_size": 5335,
  "test_size": 3422,
  "train_sentiment_dist": {
    "1": 8507,
    "2": 6690,
    "0": 6132
  },
  "val_sentiment_dist": {
    "1": 2128,
    "2": 1673,
    "0": 1534
  },
  "test_sentiment_dist": {
    "1": 1366,
    "2": 1074,
    "0": 982
  },
  "avg_text_length": {
    "train": 41.05916826855455,
    "val": 40.47797563261481,
    "test": 40.69783752191701
  }
}